{
  "project_info": {
    "project_number": "525351122876",
    "firebase_url": "https://week12-6f8e5.firebaseio.com",
    "project_id": "week12-6f8e5",
    "storage_bucket": "week12-6f8e5.appspot.com"
  },
  "client": [
    {
      "client_info": {
        "mobilesdk_app_id": "1:525351122876:android:36b77fb3197694cbb81db9",
        "android_client_info": {
          "package_name": "edu.student.week12"
        }
      },
      "oauth_client": [
        {
          "client_id": "525351122876-ripetkpnoad9gtpm770ek5lnr51pgatu.apps.googleusercontent.com",
          "client_type": 1,
          "android_info": {
            "package_name": "edu.student.week12",
            "certificate_hash": "60973cdfaed1deb37e94a2ad5eec8443ffc1ad8a"
          }
        },
        {
          "client_id": "525351122876-8g7vf57qnird6hsv4klhpp1m29vmic35.apps.googleusercontent.com",
          "client_type": 3
        }
      ],
      "api_key": [
        {
          "current_key": "AIzaSyBvbVihxqnSZ7XvXF-1wYNg5Xk7wBn0AUg"
        }
      ],
      "services": {
        "appinvite_service": {
          "other_platform_oauth_client": [
            {
              "client_id": "525351122876-8g7vf57qnird6hsv4klhpp1m29vmic35.apps.googleusercontent.com",
              "client_type": 3
            }
          ]
        }
      }
    }
  ],
  "configuration_version": "1"
}